Township,<5 (%),<5: MOE,5-9 (%),5-9: MOE,10-14 (%),10-14: MOE,15-19 (%),15-19: MOE,20-24 (%),20-24: MOE,25-29 (%),25-29: MOE,30-34 (%),30-34: MOE,35-39 (%),35-39: MOE,40-44 (%),40-44: MOE,45-49 (%),45-49: MOE,50-54 (%),50-54: MOE,55-59 (%),55-59: MOE,60-64 (%),60-64: MOE,65-69 (%),65-69: MOE,70-74 (%),70-74: MOE,75-79 (%),75-79: MOE,80-84 (%),80-84: MOE,85+ (%),85+: MOE,Less than 9th grade,Less than 9th grade: MOE,"9th-12th grade, no diploma","9th-12th grade, no diploma: MOE",High school graduate or equivalency,Native - Estimate,Native - MOE,Foreign Born - Estimate,Foreign Born - MOE,Foreign Born, Naturalized Citizen - Estimate,Foreign Born, Naturalized Citizen - MOE,Average Household Size,Average Household Size: MOE,Average Family Size,Average Family Size: MOE,"Less than $10,000","$10,000-$14,999","$15,000-$19,999","$20,000-$24,999","$25,000-$29,999","$30,000-$34,999","$35,000-$39,999","$40,000-$44,999","$45,000-$49,999","$50,000-$59,999","$60,000-$74,999","$75,000-$99,999","$100,000-$124,999","$125,000-$149,999","$150,000-$199,999","$200,000 or more","Less than $10,000 (MOE)","$10,000-$14,999 (MOE)","$15,000-$19,999 (MOE)","$20,000-$24,999 (MOE)","$25,000-$29,999 (MOE)","$30,000-$34,999 (MOE)","$35,000-$39,999 (MOE)","$40,000-$44,999 (MOE)","$45,000-$49,999 (MOE)","$50,000-$59,999 (MOE)","$60,000-$74,999 (MOE)","$75,000-$99,999 (MOE)","$100,000-$124,999 (MOE)","$125,000-$149,999 (MOE)","$150,000-$199,999 (MOE)","$200,000 or more (MOE)",Owner-Occupied,Owner-Occupied: MOE,Renter-Occupied,Renter-Occupied: MOE,Speaking Only English,Speaking Only English MOE,Speaking a Language Other than English at Home,Speaking a Language Other than English at Home MOE,Mean Travel Time to Work (Minutes),Mean Travel Time to Work (Minutes): MOE,"Car, truck, or van",Drove alone,Carpooled,Public transportation,Walked,Bicycle,"Taxicab, motorcycle, or other",Worked at home,"Car, truck, or van (MOE)",Drove alone (MOE),Carpooled (MOE),Public transportation (MOE),Walked (MOE),Bicycle (MOE),"Taxicab, motorcycle, or other (MOE)",Worked at home (MOE),"Agriculture, forestry, fishing and hunting, and mining",Construction,Manufacturing,Wholesale trade,Retail trade,"Transportation and warehousing, and utilities",Information,"Finance and insurance, and real estate and rental and leasing","Professional, scientific, and management, and administrative and waste management services","Educational services, and health care and social assistance","Arts, entertainment, and recreation, and accommodation and food services","Other services, except public administration",Public administration,"Agriculture, forestry, fishing and hunting, and mining (MOE)",Construction (MOE),Manufacturing (MOE),Wholesale trade (MOE),Retail trade (MOE),"Transportation and warehousing, and utilities (MOE)",Information (MOE),"Finance and insurance, and real estate and rental and leasing (MOE)","Professional, scientific, and management, and administrative and waste management services (MOE)","Educational services, and health care and social assistance (MOE)","Arts, entertainment, and recreation, and accommodation and food services (MOE)","Other services, except public administration (MOE)",Public administration (MOE),"Less than $10,000","$10,000-$14,999","$15,000-$19,999","$20,000-$24,999","$25,000-$29,999","$30,000-$34,999","$35,000-$39,999","$40,000-$44,999","$45,000-$49,999","$50,000-$59,999","$60,000-$74,999","$75,000-$99,999","$100,000-$124,999","$125,000-$149,999","$150,000-$199,999","$200,000 or more","Less than $10,000 (MOE)","$10,000-$14,999 (MOE)","$15,000-$19,999 (MOE)","$20,000-$24,999 (MOE)","$25,000-$29,999 (MOE)","$30,000-$34,999 (MOE)","$35,000-$39,999 (MOE)","$40,000-$44,999 (MOE)","$45,000-$49,999 (MOE)","$50,000-$59,999 (MOE)","$60,000-$74,999 (MOE)","$75,000-$99,999 (MOE)","$100,000-$124,999 (MOE)","$125,000-$149,999 (MOE)","$150,000-$199,999 (MOE)","$200,000 or more (MOE)",Median Household Income ($),Median Household Income ($): MOE,Median Family Income ($),Median Family Income ($): MOE,Per Capita Income ($),Per Capita Income ($): MOE,1900,1910,1920,1930,1940,1950,1960,1970,1980,1990,2000,2010,Assessed population,Assessed population: MOE,Percent below poverty (%),Percent below poverty (%): MOE,Total Population,Total Population: MOE,White Alone,White Alone: MOE,Black or African American Alone,Black or African American Alone: MOE,American Indian and Alaska Native Alone,American Indian and Alaska Native Alone: MOE,Asian Alone,Asian Alone: MOE,Native Hawaiian and Other Pacific Islander Alone,Native Hawaiian and Other Pacific Islander Alone: MOE,Some Other Race Alone,Some Other Race Alone: MOE,Two or More Races,Two or More Races: MOE,Hispanic or Latino,Hispanic or Latino: MOE,Not Hispanic or Latino,Not Hispanic or Latino: MOE,Less than $100,Less than $100: MOE,$100-$149,$100-$149: MOE,$150-$199,$150-$199: MOE,$200-$249,$200-$249: MOE,$250-$299,$250-$299: MOE,$300-$349,$300-$349: MOE,$350-$399,$350-$399: MOE,$400-$449,$400-$449: MOE,$450-$499,$450-$499: MOE,$500-$549,$500-$549: MOE,$550-$599,$550-$599: MOE,$600-$649,$600-$649: MOE,$650-$699,$650-$699: MOE,$700-$749,$700-$749: MOE,$750-$799,$750-$799: MOE,$800-$899,$800-$899: MOE,$900-$999,$900-$999: MOE,$1000-$1249,$1000-$1249: MOE,$1250-$1499,$1250-$1499: MOE,$1500-$1999,$1500-$1999,$2000-$2499,$2000-$2499: MOE,$2500-$2999,$2500-$2999: MOE,$3000-$3499,$3000-$3499: MOE,$3500 or more,$3500 or more: MOE,"Less than $10,000","Less than $10,000: MOE","$10,000-$14,999","$10,000-$14,999: MOE","$15,000-$19,999","$15,000-$19,999: MOE","$20,000-$24,999","$20,000-$24,999: MOE","$25,000-$29,999","$25,000-$29,999: MOE","$30,000-$34,999","$30,000-$34,999: MOE","$35,000-$39,999","$35,000-$39,999: MOE","$40,000-$49,999","$40,000-$49,999: MOE","$50,000-$59,999","$50,000-$59,999: MOE","$60,000-$69,999","$60,000-$69,999: MOE","$70,000-$79,999","$70,000-$79,999: MOE","$80,000-$89,999","$80,000-$89,999: MOE","$90,000-$99,999","$90,000-$99,999: MOE","$100,000-$124,999","$100,000-$124,999: MOE","$125,000-$149,999","$125,000-$149,999: MOE","$150,000-$174,999","$150,000-$174,999: MOE","$175,000-$199,999","$175,000-$199,999: MOE","$200,000-$249,999","$200,000-$249,999: MOE","$250,000-$299,999","$250,000-$299,999: MOE","$300,000-$399,999","$300,000-$399,999: MOE","$400,000-$499,999","$400,000-$499,999: MOE","$500,000-$749,999","$500,000-$749,999: MOE","$750,000-$999,999","$750,000-$999,999: MOE","$1,000,000-$1,499,999","$1,000,000-$1,499,999: MOE","$1,500,000-$1,999,999","$1,500,000-$1,999,999: MOE","$2,000,000 or more","$2,000,000 or more: MOE"
Ayers,2.9,2.3,4.6,3.3,4.8,2.4,7.3,3.3,6.5,4.2,3.5,2.1,5.4,2.3,6.5,3.3,5.4,3.2,4.8,2.6,5.8,2.8,6,3.1,10.4,5.7,13.5,6.1,2.3,1.5,5.2,4.7,4.6,4.9,0.4,0.9,0,7.4,1.7,2,41.7,475,87,5,6,0,11,5,6,2.41,0.3,0.79,0.33,11,8,4,6,14,9,12,2,7,17,31,28,20,4,8,18,9,10,6,9,14,7,12,6,6,15,17,17,14,7,9,16,183,33,16,13,453,85,13,11,31,4.3,77.2,65.8,11.4,0,2.3,0,0,20.5,12.7,13,6.7,11.8,2.8,11.8,11.8,13.1,23.2,11.6,2.7,0.9,14.3,3.6,0.9,7.6,3.6,21.4,2.7,0.9,6.7,12.8,6.9,3.4,1.4,8.3,2.7,1.3,5.9,4.2,8.6,2.4,2.3,5.3,9,1,0,6,9,8,12,0,6,5,18,22,21,3,3,18,9,4,11,9,13,7,12,11,5,10,10,16,14,5,4,16,63594,18653,70417,12144,42674,15879,865,929,789,747,679,636,571,504,503,481,441,453,470,83,15.3,9.3,480,87,475,87,1,3,0,11,3,4,0,11,0,11,1,2,9,13,471,84,0,11,0,11,0,11,0,11,0,11,0,11,0,11,0,11,0,11,0,11,0,11,0,11,0,11,0,11,0,11,0,11,0,11,0,11,0,11,0,11,0,11,0,11,0,11,0,11,2,3,10,13,1,3,0,11,7,10,5,7,5,7,2,3,22,13,7,5,7,7,20,14,14,9,32,19,12,11,15,12,9,12,4,4,0,11,0,11,8,11,0,11,1,2,0,11,0,11,0,11
Brown,8.8,2.6,9.2,2.3,8,2.1,5.4,2.3,8.8,3.6,8.7,2.6,4.6,1.5,6.8,2.7,6.2,1.8,6.4,2.6,5.4,1.7,3.7,1.6,4.4,2.1,3.1,1.3,3,1.9,3.7,1.7,1.5,0.9,2.2,1.3,0.7,0.6,2.4,1.6,33.9,1927,288,22,14,12,9,10,11,2.73,0.21,3.08,0.22,0,22,22,38,36,54,47,48,55,48,98,99,69,41,15,23,11,11,21,32,25,31,28,21,34,31,34,44,29,24,13,11,556,83,159,61,1758,264,19,17,22.5,1.9,93.8,84.7,9.1,0,1.2,0.3,0,4.7,3.4,4.1,2.8,2.7,1.3,0.4,2.7,2.9,3.6,12.3,14.9,1.8,11.2,5.5,2.5,5.9,2.6,23.5,7.2,5,4.1,2.3,4.5,4,1.4,4.5,3,2.3,2.6,1.4,5,3.9,2.3,2.5,7,9,0,17,20,21,41,35,63,34,72,66,66,37,15,23,11,11,11,19,12,16,29,21,38,24,30,28,29,23,13,11,58162,10504,66750,7524,26458,2112,1544,1396,1551,1376,1414,1480,1611,1837,1616,1488,1495,1955,1942,289,6.9,3.9,1949,290,1903,279,7,9,0,11,2,5,0,11,0,11,37,28,42,40,1907,286,0,11,0,11,0,11,0,11,0,11,0,11,0,11,0,11,0,11,0,11,0,11,0,11,0,11,0,11,0,11,10,15,0,11,0,11,0,11,0,11,0,11,0,11,0,11,0,11,16,18,14,20,0,11,2,3,1,2,2,3,6,6,28,24,23,26,9,7,20,12,26,16,28,17,81,38,86,31,80,28,40,22,54,28,18,15,22,19,0,11,0,11,0,11,0,11,0,11,0,11
Champaign,7.2,1.5,5.4,1.5,5.4,1.2,4.5,1.3,6.6,2.3,6.2,1.3,8.7,1.6,7.2,1.6,4.9,1.1,5.5,1.3,4.6,1.2,5,1.3,7.4,1.4,6.3,1.3,4.8,1,4.7,1.1,2.1,0.6,3.5,1.2,1.3,0.9,1.9,0.9,12.2,9533,277,1736,280,637,169,1099,260,2.32,0.09,3.01,0.13,269,229,245,233,183,166,129,126,101,321,408,654,634,335,421,348,93,101,116,84,79,71,60,64,47,114,106,119,135,70,107,97,3162,182,1640,183,8290,338,2169,314,17.5,1.3,89.7,80.3,9.4,3,1.3,0.3,1.5,4.2,2.8,3.4,2.6,1.5,0.8,0.5,1.6,2,1.6,2,6.7,3.6,8.9,3.3,3.7,6,8.7,42.2,6.6,3.3,3.5,1.2,0.8,2.2,1.9,2.8,1.4,1.6,1.7,2,3.7,2.1,1.4,1.7,91,28,99,79,46,40,52,54,46,204,251,476,455,280,372,279,67,30,97,47,32,34,26,34,30,87,71,96,108,66,97,74,74541,6820,98824,5439,39241,2722,9966,13353,16942,2116,2294,5457,2705,6592,8184,8864,11591,10834,11130,106,9.1,2.7,11269,52,8614,316,486,193,0,17,1686,282,0,17,55,54,428,166,678,319,10591,320,0,17,0,17,0,17,0,17,0,17,0,17,0,17,0,17,0,17,0,17,22,33,0,17,0,17,0,17,0,17,0,17,29,47,29,45,30,47,32,52,0,17,0,17,9,15,0,17,49,30,10,14,12,19,8,12,0,17,0,17,0,17,0,17,0,17,0,17,21,23,45,35,70,50,158,76,207,72,323,96,500,94,886,134,381,95,269,74,106,36,86,36,15,15,8,11,0,17,8,13
City of Champaign,5.5,0.5,4.8,0.4,4.3,0.5,9.9,0.6,21.4,0.8,9.5,0.6,6.9,0.4,6.4,0.5,3.8,0.4,4.6,0.4,4.8,0.4,4.7,0.4,4.5,0.4,2.7,0.3,2,0.3,1.7,0.3,1.2,0.3,1.2,0.2,1.7,0.4,2.9,0.5,17.5,73692,890,12018,889,3715,462,8303,934,2.3,0.04,3.08,0.07,5769,1629,1498,2240,1275,1555,1404,1650,1226,2522,3303,2942,2134,1438,1208,2041,466,244,264,407,259,303,253,315,224,387,389,332,262,260,206,248,15158,508,18676,614,64365,1014,16631,925,15.7,0.5,73.8,65.3,8.5,8,10.6,2.7,0.8,4.2,1.7,1.9,1.1,1,1.1,0.6,0.3,0.7,0.5,2.4,6.1,2.5,9.9,3.5,2.8,5.4,8.5,40.2,12.2,4.1,1.8,0.2,0.5,0.8,0.6,1.1,0.7,0.5,0.8,1,1.5,1.3,0.9,0.4,864,249,588,578,270,609,463,520,621,1260,1916,1915,1647,1114,1028,1744,203,108,188,174,91,160,133,198,183,275,279,260,246,250,174,222,44638,1881,73688,1994,28406,1253,-,-,-,19151,21957,35935,49583,56837,58133,63502,67959,81055,77991,446,26.9,1.7,85710,42,56350,826,15137,842,90,61,10634,613,0,26,987,328,2512,531,5489,523,80221,528,29,48,0,26,0,26,37,59,0,26,22,34,22,35,137,95,138,78,88,77,224,114,189,137,133,106,120,79,101,59,291,144,168,122,290,177,48,57,55,46,37,35,69,67,102,106,0,26,135,62,118,63,26,31,32,34,8,13,35,32,93,62,174,91,157,77,327,94,338,112,487,145,607,141,2407,356,2063,303,2150,283,1333,243,1659,239,880,196,1196,203,382,104,354,92,94,63,103,70,0,26,0,26
Colfax,0,27.1,0,27.1,0,27.1,0,27.1,0,27.1,0,27.1,0,27.1,0,27.1,0,27.1,0,27.1,16.5,33.9,43.5,53.4,18.8,21.4,21.2,22.9,0,27.1,0,27.1,0,27.1,0,27.1,0,27.1,0,27.1,0,85,70,0,11,0,11,0,11,1.67,0.44,1.92,0.24,0,14,0,0,0,0,0,0,0,0,0,0,37,0,0,0,11,21,11,11,11,11,11,11,11,11,11,11,39,11,11,11,51,37,0,11,85,70,0,11,N/A,N/A,100,100,0,0,0,0,0,0,27.1,27.1,27.1,27.1,27.1,27.1,27.1,27.1,0,16.5,0,0,0,40,0,0,22.4,21.2,0,0,0,27.1,33.9,27.1,27.1,27.1,43.4,27.1,27.1,27.1,26.5,27.1,27.1,27.1,0,0,0,0,0,0,0,0,0,0,0,0,37,0,0,0,11,11,11,11,11,11,11,11,11,11,11,11,39,11,11,11,101513,80732,N/A,N/A,45553,13865,901,800,727,728,590,528,459,412,355,271,250,266,85,70,16.5,33.9,85,70,85,70,0,11,0,11,0,11,0,11,0,11,0,11,18,26,67,54,0,11,0,11,0,11,0,11,0,11,0,11,0,11,0,11,0,11,45,69,0,11,0,11,0,11,0,11,0,11,0,11,0,11,0,11,0,11,0,11,0,11,0,11,0,11,0,11,0,11,0,11,0,11,0,11,0,11,0,11,0,11,0,11,0,11,14,21,0,11,0,11,0,11,19,28,18,26,0,11,0,11,0,11,0,11,0,11,0,11,0,11,0,11,0,11,0,11,0,11
Compromise,7.1,2.1,6,2.2,6,2.2,5,2.3,3.7,1.6,5.6,1.8,4.6,2.2,7.6,2.6,7.4,4.4,8.1,2.3,7.2,2.4,5.6,1.5,5.3,1.8,8,3.4,4.1,1.4,4.9,2.1,2.7,1.3,1.2,0.6,0.5,0.5,5.2,3.1,38.4,1481,175,14,13,11,11,3,4,2.34,0.2,3.03,0.21,33,22,20,19,35,8,20,56,35,46,92,82,78,64,22,8,15,21,14,15,19,6,11,63,19,20,25,23,32,30,14,6,526,51,114,68,1339,161,50,18,26.3,3.6,88.6,79.3,9.3,0,6.9,0,0,4.5,7.8,7.9,3.9,3.5,7.9,3.5,3.5,2.4,5.1,7.8,7.2,2.2,10,5.7,2.5,9.1,9.7,23.3,3.5,10.8,3,2.7,2.9,3.2,2.1,3.7,3.2,2.3,3.8,4.4,4.9,2.1,7.5,1.5,9,0,7,0,12,11,12,10,10,33,82,55,65,60,14,8,8,11,10,11,14,7,9,7,9,18,25,18,25,29,10,6,63929,8245,82778,16475,31925,2746,1576,1557,1569,1444,1301,1371,1454,1707,1588,1525,1422,1463,1484,174,6.5,2.7,1495,175,1461,180,19,20,1,2,3,4,0,11,0,11,11,11,31,22,1464,169,0,11,0,11,0,11,0,11,0,11,0,11,0,11,0,11,0,11,0,11,0,11,0,11,0,11,0,11,0,11,0,11,0,11,0,11,0,11,0,11,0,11,0,11,0,11,0,11,4,4,0,11,2,5,0,11,5,6,0,11,2,3,3,4,24,22,24,10,25,16,19,13,31,14,66,27,57,17,98,29,58,24,66,31,14,10,21,11,3,4,4,5,0,11,0,11,0,11,0,11
Condit,3.4,3.2,6,4.3,4.2,4.6,11.3,9.1,3.2,3.5,4.1,4.2,2.8,4.1,2.5,3.1,8.5,5,10.4,7.1,5.8,4.6,17.2,11.3,7.3,6.5,3.2,3,4.2,3.4,0,4.7,1.8,2,4.1,4.8,0,6.5,0,6.5,25.4,565,163,0,11,0,11,0,11,2.59,0.6,3.14,0.7,0,10,3,0,0,0,2,3,0,17,63,38,37,4,3,38,11,15,5,11,11,11,4,4,11,16,52,21,22,6,4,24,193,63,25,22,546,165,0,11,25,3.6,92.4,77.8,14.6,0,3.8,0,0,3.8,6.4,10.2,8.7,8.3,5,8.3,8.3,4.6,12.7,6.8,3.7,4.3,5.6,1.2,0.6,8,0.9,35.6,0,17.3,3.1,9,4.6,3.4,4.7,6.5,1.8,1.4,6.4,1.4,15.4,8.2,22.6,4.5,0,0,0,0,0,0,11,0,0,8,53,17,24,4,3,38,11,11,11,11,11,11,14,11,11,7,50,14,15,6,4,24,83125,21477,81250,40048,44344,14260,777,689,649,608,556,476,449,407,477,467,511,500,565,163,1.8,2.7,565,163,558,165,0,11,0,11,0,11,0,11,0,11,7,10,0,11,565,163,0,11,0,11,0,11,0,11,0,11,0,11,0,11,0,11,0,11,0,11,0,11,0,11,0,11,0,11,0,11,0,11,0,11,0,11,0,11,0,11,0,11,0,11,0,11,0,11,0,11,0,11,0,11,0,11,0,11,0,11,0,11,0,11,0,11,0,11,0,11,0,11,3,4,0,11,3,4,43,22,22,15,38,25,63,51,7,12,6,11,8,11,0,11,0,11,0,11,0,11
Crittenden,0,10,0,10,0,10,2.7,3.7,3.4,4.8,8.8,7.9,0,10,3.1,4,0,10,9.9,7.1,3.1,4.4,14.5,14.9,14.1,12.3,30.5,29,0,10,4.2,5.9,5.7,8.6,0,10,4.5,6.3,0,10.6,27.2,245,88,17,18,8,12,9,13,2.36,0.37,2.36,0.37,0,10,0,0,0,0,0,0,8,0,8,16,56,13,0,0,11,13,11,11,11,11,11,11,11,11,11,15,40,14,11,11,93,45,18,17,253,87,9,13,19.2,3.6,87.9,87.9,0,0,0,0,0,12.1,11.2,11.2,20.9,20.9,20.9,20.9,20.9,11.2,12.1,8.6,6.9,0,26.7,0,0,8.6,0,30.2,6.9,0,0,11.2,10,8.6,20.9,15.6,20.9,20.9,10.2,20.9,23.6,8.7,20.9,20.9,0,10,0,0,0,0,0,0,8,0,8,16,56,13,0,0,11,14,11,11,11,11,11,11,11,11,11,15,40,14,11,11,122786,25591,122786,25591,42441,10352,820,683,704,599,522,480,433,384,312,315,345,325,262,90,7.3,9.8,262,90,253,87,0,11,0,11,9,13,0,11,0,11,0,11,8,12,254,90,0,11,0,11,0,11,0,11,0,11,0,11,0,11,0,11,0,11,0,11,0,11,0,11,0,11,0,11,0,11,0,11,0,11,0,11,0,11,0,11,0,11,0,11,0,11,0,11,0,11,0,11,0,11,0,11,0,11,0,11,0,11,0,11,6,8,0,11,0,11,0,11,0,11,0,11,7,11,8,11,0,11,37,46,0,11,17,17,0,11,18,17,0,11,0,11,0,11,0,11
Cunningham,3.5,0.5,2.2,0.5,3.7,0.7,16.5,1,26.2,1.2,10.5,0.9,6.6,0.8,4,0.6,3.9,0.7,3.7,0.6,3.5,0.6,3.7,0.6,3.4,0.5,2.4,0.5,1.7,0.6,1.2,0.3,1.2,0.3,2.1,0.4,1.4,0.7,3.3,1.1,17.4,33788,641,8353,635,2146,381,6207,625,2.18,0.07,2.91,0.1,3441,1138,725,1082,867,875,855,569,531,973,1267,1203,842,512,517,589,350,237,173,261,182,241,196,146,139,184,233,205,158,149,119,163,6120,367,9866,566,29869,839,10796,832,15.6,0.7,58.7,51.9,6.8,14.2,14.3,5.8,1.1,5.9,2.5,2.1,1.2,1.6,1.6,1.3,0.5,1.2,0.3,2.5,5.7,1.3,7.7,2.9,1.7,4.1,8,47.2,11.7,4.2,2.4,0.2,0.8,1.2,0.5,1.3,0.9,0.5,1.2,1.3,2.4,2,1.1,0.8,510,257,160,254,196,387,322,192,236,460,547,683,630,385,431,504,163,105,91,117,69,163,128,81,96,128,129,146,151,120,110,157,34273,1928,63223,5828,22256,1416,-,-,-,-,14064,22450,27294,33976,35978,36344,37362,41250,34958,502,31.9,2.1,42141,59,24997,663,7064,644,122,74,8276,553,79,120,214,108,1389,303,2238,330,39903,328,0,23,0,23,0,23,0,23,0,23,0,23,0,23,99,90,74,85,56,54,234,147,192,130,122,89,85,65,49,54,156,111,47,46,192,107,42,57,0,23,0,23,0,23,0,23,26,42,74,60,48,46,22,25,0,23,2,5,5,14,0,23,43,35,60,50,185,118,515,166,250,104,411,136,664,172,899,175,902,216,444,123,612,115,351,104,342,115,148,59,116,66,27,34,0,23,0,23,0,23
East Bend,2.8,1.9,0,3.9,6.4,7.5,8,5.9,5.2,7.1,3.9,3.4,1.3,1.8,4.8,4.7,9.3,7.7,1.2,1.7,3.6,4.1,12.8,8,12.5,6.5,11.5,6.1,8,6.2,5,4,2.3,2.5,1.2,1.7,0,5,5.1,6.7,47.9,686,189,0,11,0,11,0,11,2.57,0.48,2.75,0.33,11,0,0,18,0,46,27,0,8,34,34,24,23,0,33,9,15,11,11,27,11,47,38,11,11,21,26,20,22,11,29,23,251,63,16,18,667,186,0,11,17.7,3,95.2,87.5,7.7,0,4.8,0,0,0,5.1,8.8,7.7,7.9,5.1,7.9,7.9,7.9,5.4,15.8,4.8,7.4,4.5,2.4,0,11.3,9.5,21.1,8.3,4.8,4.8,6.3,15.6,5.2,5.9,5.1,4.3,7.9,9.4,8,15.4,11.2,6.9,6.8,0,18,0,0,8,8,27,0,8,34,26,24,23,0,33,0,11,27,11,11,11,14,38,11,11,21,23,20,22,11,29,11,54653,19937,62721,21704,31664,11059,1113,879,806,815,749,740,721,821,817,814,880,584,686,189,14,14.4,686,189,686,189,0,11,0,11,0,11,0,11,0,11,0,11,0,11,686,189,0,11,0,11,0,11,0,11,0,11,0,11,0,11,0,11,0,11,0,11,0,11,0,11,0,11,0,11,0,11,0,11,0,11,0,11,0,11,0,11,0,11,0,11,0,11,0,11,8,11,0,11,0,11,0,11,0,11,0,11,0,11,27,38,0,11,0,11,16,16,0,11,0,11,11,15,36,34,16,17,10,15,40,25,87,58,0,11,0,11,0,11,0,11,0,11,0,11,0,11
Harwood,5.5,3.8,5.1,2.7,10.3,5,6.5,3.9,6.5,3.8,3,2,3.2,2.3,2.5,1.6,8.5,3.5,9,6,7.6,4.2,6.2,2.8,4.7,2.8,4.6,2.5,0.8,1,2.4,1.7,4.6,5.4,9.2,9.9,4.1,2.7,11.7,7.7,36.3,619,157,14,17,9,14,5,9,2.57,0.41,2.99,0.43,15,7,9,10,2,20,12,6,19,6,29,27,14,26,12,5,14,6,7,10,3,20,14,7,14,6,17,14,9,19,12,6,152,32,67,32,514,127,84,76,22.3,2.4,93.6,87.1,6.4,0,3.4,0,0,3,5.5,7.6,5.6,11.1,2.9,11.1,11.1,4.6,0.9,13.3,8.6,7.3,7.3,3,0.9,6.9,9.4,22.3,5.2,7.6,7.7,1.2,7.8,5.1,6.7,4.2,3.5,1.3,5,6.3,7.9,5.9,7.4,5.6,13,3,9,0,3,0,0,2,20,3,24,19,14,26,12,5,13,4,13,11,5,11,11,4,16,5,14,10,9,19,12,6,62188,21124,74861,8870,30553,7971,750,737,617,645,590,568,519,471,625,589,618,623,558,140,15.9,10,633,166,597,167,36,35,0,11,0,11,0,11,0,11,0,11,85,83,548,130,0,11,0,11,0,11,8,13,8,13,0,11,0,11,6,9,0,11,0,11,0,11,0,11,0,11,0,11,0,11,0,11,0,11,0,11,0,11,0,11,0,11,0,11,0,11,0,11,13,9,0,11,0,11,0,11,0,11,0,11,0,11,0,11,6,4,2,3,5,8,0,11,0,11,25,19,14,13,15,9,27,16,22,14,18,10,2,3,3,4,0,11,0,11,0,11,0,11,0,11
Hensley,5.9,4.6,15.4,9.5,7.4,5.8,3.3,3,2.8,3.2,2,2.3,6.5,5,7.5,5.3,4.5,5.5,1.1,2,5.7,4.9,6.5,4.8,10.1,6.2,10.3,5,4.1,3.2,1.6,1.7,2.5,2.3,2.9,5.1,0,3.7,4.4,4.4,38.2,1081,325,42,52,42,52,0,11,2.56,0.44,3.19,0.52,50,8,13,24,10,42,67,10,6,53,34,19,51,11,30,11,45,13,20,33,17,51,57,14,10,31,26,20,43,15,27,16,352,83,87,58,1024,290,33,51,16.8,3.7,84.6,73.6,11,0,4.2,0,0,11.2,12.2,13.6,9.2,6.9,6.9,6.9,6.9,10.8,20.4,0,3.1,0,8.9,2.3,0,7,9.9,37.1,11.2,0,0,16.2,6.9,5.2,6.9,7.5,3.8,6.9,5.4,7.2,16.1,9.4,6.9,6.9,25,0,0,19,0,42,67,10,0,24,16,32,29,11,21,11,30,11,11,31,11,51,57,14,11,18,17,31,34,15,24,16,41375,21709,40125,27532,26363,8768,610,596,577,569,520,495,478,629,1254,1073,1111,1278,1123,309,9.5,9.5,1123,309,898,321,179,148,0,11,33,51,0,11,0,11,13,23,0,11,1123,309,0,11,0,11,0,11,0,11,0,11,0,11,0,11,0,11,0,11,0,11,0,11,0,11,0,11,26,42,0,11,0,11,44,69,0,11,0,11,0,11,0,11,0,11,0,11,0,11,0,11,0,11,0,11,0,11,0,11,0,11,0,11,0,11,13,20,5,11,15,20,0,11,40,40,27,35,71,37,28,23,18,19,45,27,41,39,49,53,0,11,0,11,0,11,0,11,0,11,0,11
Kerr,5.4,6.1,7.5,5.5,6.2,6.9,12.9,10.1,9.5,11.1,2.5,3.2,2.5,2.8,9.1,7.7,10.4,7.9,13.3,15.1,10,9.8,2.9,4.6,4.1,5.4,2.5,3.7,0,10.8,0,10.8,1.2,1.8,0,10.8,0,17.6,0,17.6,24.1,241,123,0,11,0,11,0,11,3.44,0.97,3.33,0.67,0,0,0,3,0,0,0,0,3,0,6,12,19,10,13,4,11,11,11,4,11,11,11,11,4,11,6,16,13,7,19,6,63,26,7,6,228,121,0,11,33.2,12.1,100,90.3,9.7,0,0,0,0,0,14.5,9.5,9.5,14.5,14.5,14.5,14.5,14.5,1.7,3.9,12.9,10.7,30.9,2.2,2.2,5.6,10.1,19.7,0,0,0,2.6,5.4,10.8,11.8,16.1,3.3,3.5,5.7,7.4,18,14.3,14.3,14.3,0,0,0,3,0,0,0,0,3,0,0,25,19,10,0,4,11,11,11,4,11,11,11,11,4,11,11,25,13,7,11,6,103571,23991,100313,3577,36898,3643,427,418,349,368,290,263,231,225,177,200,173,163,241,123,0,10.8,241,123,241,123,0,11,0,11,0,11,0,11,0,11,0,11,0,11,241,123,0,11,0,11,0,11,0,11,0,11,0,11,0,11,0,11,0,11,0,11,0,11,0,11,0,11,0,11,0,11,0,11,0,11,0,11,0,11,0,11,0,11,0,11,0,11,0,11,0,11,0,11,0,11,3,4,0,11,0,11,0,11,0,11,0,11,0,11,0,11,0,11,0,11,3,4,9,15,0,11,3,4,12,8,11,11,19,20,3,5,0,11,0,11,0,11,0,11,0,11
Ludlow,7.5,3.4,8.5,5.7,3.1,1.8,7.3,3.1,4.3,2.3,9.8,4.4,4.5,2.2,7.7,3.3,7.8,3.3,5.7,2.7,8.1,3.5,4.2,2.1,4.4,2.2,5.6,2.5,2.1,1.5,3.7,2.6,2.9,2.2,3,1.8,0.4,0.4,6.6,3.5,39.2,3902,223,398,226,132,85,266,219,2.35,0.25,2.91,0.33,343,69,122,127,136,67,81,77,38,130,145,304,87,21,69,17,145,55,81,95,90,58,61,49,39,86,77,130,49,13,41,18,1071,220,762,169,3339,441,637,430,21.6,4.3,95.9,76.7,19.2,0,0,0,3.1,1,4.3,8.6,7.7,1.3,1.3,1.3,4.2,1.1,1.3,0.6,30.6,0.5,15.8,3.4,1.8,3.1,6.3,21,6.3,3.9,5.4,0.8,0.5,8.3,0.4,6.3,2.1,2.1,2.4,4.2,7.4,4.2,2.7,4.8,190,44,29,104,90,39,36,12,36,56,116,272,78,21,51,17,106,49,31,89,71,53,39,13,39,55,73,132,49,13,38,18,37904,10585,53348,21947,22893,3329,1060,1530,1418,1463,1651,4176,4149,5750,5114,4744,4766,4278,4300,25,21.7,6.7,4300,25,3288,477,341,244,24,29,230,215,0,11,273,383,144,163,572,422,3728,425,0,11,0,11,0,11,0,11,47,73,0,11,11,12,0,11,0,11,7,11,36,56,14,10,0,11,5,8,0,11,0,11,0,11,0,11,0,11,0,11,0,11,0,11,0,11,0,11,112,66,2,3,17,23,0,11,8,9,6,7,2,3,12,14,76,57,53,51,94,52,46,43,23,30,220,110,99,53,146,77,71,41,20,27,15,12,27,22,22,31,0,11,0,11,0,11,0,11,0,11
Mahomet,7.5,1.9,8.2,2.1,6.3,1.7,7.9,1.7,6.2,1.9,3.6,1.3,7.5,1.9,6,1.3,7.2,1.9,6.7,1.5,5.8,1.3,8.2,2,6.8,1.6,4.3,1.1,3.3,1,1.9,0.8,0.9,0.7,1.4,1,1.5,1.1,1.6,1,19.4,12891,273,564,270,353,200,211,151,2.73,0.12,3.13,0.14,318,70,59,72,160,276,222,134,114,238,448,835,669,471,572,278,152,48,50,53,94,102,103,81,86,121,160,227,158,158,166,112,3912,267,1024,209,11604,404,840,361,21.2,1.8,92.9,85.4,7.5,0.6,0.5,0,0.2,5.9,2.3,3.8,2.8,0.8,0.6,0.4,0.3,2.2,0.7,4.3,8.9,4.5,14.1,3.4,1.6,8.7,8.8,29.9,7.6,4.7,2.7,0.5,2,2.5,1.7,4.3,1.5,1,2.5,2.4,4.2,2.8,2.2,1.4,69,22,52,78,65,97,185,73,82,184,315,727,611,428,552,263,87,25,51,51,55,54,96,66,74,109,127,198,155,159,168,107,82402,11024,98201,9343,36420,2880,1277,1329,1209,1328,1369,1614,2185,3862,6909,8440,10113,12623,13447,25,6.2,2.5,13455,23,12814,433,277,410,9,15,100,91,30,37,0,17,225,145,648,287,12807,291,0,17,0,17,0,17,0,17,0,17,0,17,0,17,0,17,0,17,0,17,0,17,41,61,0,17,68,107,0,17,0,17,0,17,0,17,0,17,0,17,0,17,0,17,0,17,0,17,121,59,107,99,0,17,49,40,0,17,4,10,58,49,14,17,12,20,19,24,60,53,50,53,11,21,73,51,316,104,446,114,565,130,742,187,493,167,473,153,115,64,155,90,29,39,0,17,0,17,0,17
Newcomb,5.5,5.3,8.7,4.2,5.7,4.1,7.5,3.8,1,1.5,3.8,3.1,7.5,4.9,4,2.2,3.3,2.7,9.4,3.7,5.9,4.4,13.3,5.5,4.7,2.8,5.5,3.1,5.3,3.1,4.7,2.7,2.5,1.6,1.8,1.7,0.9,1.3,1.2,1.4,28.7,1202,248,43,38,25,35,18,16,2.55,0.32,3.1,0.35,0,3,17,21,3,12,3,20,16,36,76,70,47,41,77,46,11,5,19,17,4,17,5,19,14,25,50,35,33,27,53,33,482,73,6,7,1145,213,31,25,24.2,7.6,88.7,83.9,4.8,0,2.6,0,0,8.7,5.9,7.6,6.1,4.6,2.6,4.6,4.6,4.9,2.7,2.9,5.4,7.8,10.3,8,0,9.8,11,28.9,3.7,0.5,9,3,3.1,3.9,6,8,7.2,4.5,5.3,6.1,9.1,3.4,0.7,7.7,0,3,0,6,0,9,0,9,7,30,46,62,47,41,52,46,11,5,11,7,11,16,11,13,7,22,30,32,33,27,39,33,84286,20597,101750,13846,45487,7777,854,744,755,643,664,529,526,617,805,921,1004,1292,1245,248,0.5,0.7,1245,248,1245,248,0,11,0,11,0,11,0,11,0,11,0,11,0,11,1245,248,0,11,0,11,0,11,0,11,0,11,0,11,0,11,0,11,0,11,0,11,0,11,0,11,0,11,0,11,0,11,0,11,0,11,0,11,0,11,0,11,0,11,0,11,0,11,0,11,0,11,0,11,0,11,0,11,0,11,0,11,0,11,0,11,0,11,8,12,0,11,13,14,3,4,48,26,46,45,68,35,18,20,120,53,19,18,97,46,19,14,14,16,0,11,9,13,0,11,0,11
Ogden,4.8,1.9,8.2,3.1,6.9,2.1,6,2.7,6.2,2.7,4.7,2.4,5.8,2,4.5,1.5,8.9,4.3,5.1,1.8,6.7,2.2,8,2.6,5.5,1.8,6.5,2.6,3.7,1.7,4.1,1.7,2.4,1.3,2.1,1.1,1.1,1.1,3.7,1.8,35.4,1578,205,13,13,8,11,5,7,2.58,0.2,3.1,0.22,10,16,22,24,23,43,29,40,16,69,53,114,34,55,34,35,11,14,15,17,17,20,16,20,10,30,21,35,20,22,17,28,560,64,57,24,1491,201,23,18,22.4,1.6,87.7,82.8,4.9,0,2.5,0,0,9.8,9,8.7,3.1,3.4,2,3.4,3.4,8.9,3.9,14.1,8.5,4.9,11.4,5.2,2.3,8.4,6.1,23,3.9,4.7,3.6,3,7.9,3.4,2.8,4.1,2.5,1.8,3.3,3,4.8,2.5,2.7,1.8,1,4,4,18,21,23,16,25,8,54,31,89,28,46,33,35,3,5,6,17,15,17,13,15,6,30,16,33,18,20,16,28,65156,13814,76912,8050,33435,4127,1392,1389,1371,1283,1208,1217,1288,1373,1574,1397,1601,1680,1588,206,4,2,1591,209,1569,202,0,11,1,2,7,10,0,11,0,11,14,17,12,15,1579,210,0,11,0,11,7,11,0,11,0,11,5,7,0,11,0,11,1,3,0,11,0,11,0,11,0,11,0,11,0,11,0,11,0,11,6,10,0,11,0,11,0,11,0,11,0,11,0,11,2,4,6,6,0,11,0,11,0,11,0,11,3,5,0,11,11,16,15,13,12,11,40,19,36,16,103,31,89,31,55,22,42,28,56,26,21,16,39,21,20,24,10,12,0,11,0,11,0,11,0,11
Pesotum,4.1,2.5,9.4,6.3,9.1,5.1,6.3,4.5,6.7,4.2,3.4,2.3,3.4,2,5.3,2.9,6.2,3.2,6.6,3.3,11.4,5.4,4.8,2.1,7.5,4.5,10.7,8.7,1.3,1.1,0.8,1,1.4,1,1.8,2.7,1.2,1.4,2,1.6,42.2,786,210,2,3,2,3,0,11,2.58,0.54,3.43,0.51,2,0,22,8,2,53,8,8,12,18,55,44,29,18,25,2,3,11,24,7,3,68,6,7,9,15,23,14,20,21,26,3,296,79,10,8,731,191,25,23,22.7,2.5,97.1,95.7,1.3,0.8,0.5,0,1.1,0.5,2.1,2.8,1.6,1.3,1,7.1,1.3,0.9,0,10.4,7.5,5.4,10.6,6.7,2.1,8.3,8,34.7,3.4,2.3,0.5,6.9,4.6,4.4,4.8,6.2,5.4,2,6.2,5.7,9.3,2.8,1.8,0.8,2,0,6,2,2,2,2,4,7,11,43,44,27,16,23,2,3,11,11,4,3,4,3,5,7,8,21,14,21,20,25,3,67500,14454,82969,11836,28414,2754,1094,1096,1128,998,872,858,854,864,994,931,849,845,786,210,3.3,3.4,788,210,686,170,2,3,0,11,2,4,15,22,2,4,81,98,97,119,691,170,0,11,0,11,0,11,0,11,0,11,0,11,0,11,0,11,0,11,0,11,0,11,0,11,0,11,0,11,0,11,0,11,0,11,0,11,0,11,0,11,0,11,0,11,0,11,0,11,4,5,2,3,0,11,0,11,0,11,9,11,0,11,0,11,5,9,2,4,21,14,13,8,34,25,69,24,19,11,27,15,59,70,2,3,18,22,12,20,0,11,0,11,0,11,0,11,0,11,0,11
Philo,6,2.4,8.6,2.7,7.9,2.3,6.9,2.4,4.4,2.7,4.1,2.7,4.8,1.8,7.4,2.4,6.9,2.6,4.4,1.7,8.1,2.6,7.4,2.1,9.6,3.9,5.2,2.2,3.9,2.3,2.8,1.3,1.3,0.9,0,1.3,0.3,0.5,1.8,1.2,26.3,2033,286,19,24,5,6,14,23,2.85,0.17,3.15,0.17,24,17,0,14,15,16,14,29,32,27,98,142,162,37,35,55,28,24,11,17,16,11,11,25,18,16,35,43,55,22,24,29,591,77,126,49,1877,265,51,63,20.5,1.3,94.4,87.5,6.9,0.1,0.6,0.3,0,4.6,3,4.3,3.1,0.2,0.7,0.4,2.5,2.9,3.8,4.9,7.2,5.6,9.4,6.4,2.5,11,6.3,27.9,6.1,3.8,5.1,2.5,2.3,2.8,2.7,3.7,3.5,1.4,3,3.3,7.2,2.9,2,2.3,18,15,0,8,0,8,6,7,27,17,92,125,162,37,29,52,28,23,11,9,11,7,6,8,17,11,34,41,55,21,24,29,86953,14979,92841,10029,35366,3875,1175,1239,1169,1104,1005,1021,1211,1453,1483,1480,1768,1954,2042,290,4.8,4.6,2052,291,2007,285,0,11,0,11,6,4,0,11,28,45,11,12,65,85,1987,293,0,11,0,11,0,11,0,11,0,11,0,11,9,15,0,11,0,11,0,11,0,11,0,11,0,11,0,11,0,11,3,4,0,11,0,11,0,11,0,11,0,11,0,11,0,11,0,11,0,11,0,11,3,4,0,11,0,11,0,11,3,5,0,11,0,11,3,4,0,11,6,7,10,13,88,25,106,34,158,58,58,31,47,18,50,32,25,12,13,9,3,5,16,23,2,5,0,11,0,11
Rantoul,6.3,1.6,8.7,2.3,7.6,1.4,10.7,2.9,4.9,1.2,7.1,1.7,5.6,1.4,6.8,1.4,5.5,1.6,5.4,1.2,6,1.5,6,1.3,7.2,1.8,4.6,1.1,2.5,0.7,2.3,0.7,1.9,0.9,1.1,0.5,3.2,1.5,7.9,2.4,37.6,10819,186,466,183,211,103,255,152,2.57,0.13,3.14,0.14,352,141,226,223,195,299,252,243,240,478,474,542,283,90,100,50,117,67,88,80,66,101,96,83,108,110,117,113,112,48,61,34,2294,203,1894,184,9549,329,1028,326,22.1,2,88.1,78.5,9.6,1,4.2,0.8,1.3,4.6,4.2,4.6,2.8,1,2.8,0.8,0.9,2.5,2.4,4,16.1,7.1,12.4,7.3,2.6,4.7,6.5,24,6.6,2.9,3.4,2.1,1.6,3.6,2.4,3,2,1.1,2.1,1.7,3.6,3.6,1.1,1.7,109,86,124,123,106,238,146,123,155,386,351,372,207,87,100,40,62,58,70,68,49,94,78,66,88,108,111,88,80,48,61,32,47048,3318,54369,2568,22453,2363,2365,1995,2252,3137,6187,11906,20798,22568,18139,15691,11257,11273,10788,338,17.5,3.5,11285,27,8186,481,2432,456,0,17,89,81,4,6,89,94,485,240,968,359,10317,359,0,17,0,17,0,17,0,17,0,17,36,58,20,30,8,12,9,14,90,82,43,50,0,17,34,46,48,44,22,33,6,12,0,17,8,12,0,17,23,35,27,42,0,17,0,17,0,17,33,19,57,35,13,12,33,43,3,4,71,43,35,31,147,68,122,65,162,58,218,65,327,107,184,77,369,112,177,74,142,55,66,50,54,30,25,25,34,18,9,12,5,7,5,6,0,17,0,17,3,4
Raymond,8.1,5.8,9.6,7.2,13.4,6,1,1.2,1,1.4,2.8,2.3,16.2,12.5,11.4,9.3,4.6,5.4,1.5,1.3,6.1,4.9,5.1,3.9,5.3,3.1,2.8,3.4,4.1,3.8,3.5,4.4,3,3.8,0.5,1.1,0.8,1.2,8,6.1,42,393,146,2,3,0,11,2,3,2.93,0.53,3.46,0.61,5,11,3,11,3,2,5,39,0,13,16,10,9,0,2,6,5,13,4,8,3,4,5,29,11,15,14,9,11,11,3,8,121,43,14,13,348,155,15,21,32.2,4.7,98.6,89.2,9.4,0,0,0,0.7,0.7,3,7.8,7.2,17.9,17.9,17.9,1.5,2,0,7.9,18,2.9,8.6,17.3,1.4,2.9,10.1,28.1,0,1.4,1.4,17.9,8.4,14.3,3.8,7.5,19.1,2.3,3.4,8.6,16.7,17.9,2,2.2,0,3,2,3,0,1,2,39,0,1,16,8,9,0,2,6,11,3,3,4,11,3,3,29,11,3,14,8,11,11,3,8,44009,4993,44655,20569,20718,5829,1093,1052,973,942,837,731,670,581,529,459,437,418,385,141,10.6,7.1,395,146,389,146,0,11,0,11,0,11,0,11,0,11,6,7,5,7,390,146,0,11,0,11,0,11,0,11,0,11,0,11,0,11,0,11,0,11,0,11,0,11,0,11,0,11,0,11,0,11,0,11,0,11,0,11,0,11,0,11,0,11,0,11,0,11,0,11,0,11,0,11,9,8,5,5,3,3,3,4,3,4,7,5,13,13,6,6,2,3,4,4,0,11,0,11,18,18,35,34,0,11,4,5,9,12,0,11,0,11,0,11,0,11,0,11,0,11,0,11
Sadorus,5.9,4.6,2.6,2,7.9,4.4,6.3,3.8,2.7,1.9,4.2,3,3.3,2.2,3.7,2.5,14.2,9.5,7.1,5.3,7.4,5.1,9.1,5.2,5.6,2.9,10.7,7.3,3.7,2.1,2.4,1.8,1.6,1.1,1.7,1.8,2.6,2.4,8.5,5.1,32.6,1225,391,4,4,4,4,0,11,2.82,0.49,3.39,0.55,16,5,11,14,21,10,13,16,32,35,55,67,46,19,23,53,8,5,8,9,13,10,10,13,27,28,33,37,28,19,20,75,369,86,67,40,1149,333,7,7,25.8,5.4,85.8,82.7,3.1,0,10.9,0.3,0.5,2.4,10.5,9.7,2.6,4.6,10.8,0.6,0.7,2.3,11.4,11.9,7.6,7.7,6.7,5.5,4.8,1.9,4.1,29.3,5.7,2.4,1,10.9,9,4.8,5.6,4.5,4.9,5.8,1.7,2.4,9.8,5.8,2.3,1,3,2,4,2,10,3,6,13,22,26,41,60,41,6,21,53,3,3,5,3,9,6,5,12,24,24,27,35,26,5,20,75,71429,23805,88125,28622,34365,7974,1757,1688,1644,1492,1437,1441,1263,1296,1189,1126,1039,967,1225,391,4.9,2.7,1229,391,1222,391,0,11,1,2,0,11,0,11,0,11,6,8,2,4,1227,391,0,11,0,11,0,11,0,11,0,11,0,11,0,11,0,11,0,11,4,7,4,6,0,11,0,11,0,11,0,11,0,11,0,11,0,11,0,11,0,11,0,11,0,11,0,11,0,11,1,3,4,6,0,11,3,4,5,8,5,6,0,11,10,7,6,5,8,9,25,13,34,18,58,28,114,82,15,11,23,23,34,26,7,7,4,7,13,18,0,11,0,11,0,11,0,11,0,11,0,11
St. Joseph,9,2,7.4,2.2,7.9,2.5,6.2,2,6,2.5,2.9,1.5,7.5,1.9,8.5,2.1,5.7,2,5.4,1.9,8.9,2.6,5.2,2.1,6.6,2.7,4.5,1.7,5.1,1.6,1.4,1,1,0.9,1,0.7,0.1,0.2,0.9,0.7,24.6,5794,103,114,99,105,97,9,16,2.65,0.16,3.1,0.19,85,89,16,117,47,186,29,53,41,114,218,483,365,196,183,0,67,71,24,83,42,94,31,46,36,59,102,130,136,79,74,15,1909,137,313,114,5236,179,141,107,21.2,1.8,96.5,89.1,7.4,0.4,0,0.3,0.9,1.9,2,3.8,3.2,0.7,0.9,0.4,1,1.5,1.2,6,5.2,1,14.2,6.2,2.3,5.6,8.8,30.4,6,6.2,6.9,1.1,2.5,2.8,1,4.8,3.1,2,2.6,3.9,5.5,2.6,3.9,3.1,57,14,0,103,15,14,0,53,54,84,213,394,312,182,144,0,61,21,15,81,23,21,15,46,41,42,100,128,120,79,66,15,83485,6507,92469,11792,31508,2192,1491,1406,1508,1467,1435,1536,1842,2494,3612,3694,4611,5876,5887,38,4.6,2.2,5908,20,5756,119,2,4,11,17,79,84,0,15,21,32,39,43,55,63,5853,67,0,15,0,15,0,15,0,15,0,15,0,15,0,15,0,15,0,15,0,15,0,15,0,15,0,15,0,15,0,15,0,15,0,15,0,15,0,15,0,15,0,15,0,15,0,15,0,15,14,21,13,21,12,17,0,15,0,15,0,15,0,15,14,22,0,15,16,24,14,21,99,62,90,56,99,54,319,121,306,104,255,100,305,118,129,69,200,110,24,27,0,15,0,15,0,15,0,15,0,15
Scott,8.4,3.6,3.7,2.5,2.9,1.8,7.6,6,6.9,3.7,5.4,3.5,5.4,2.9,5.5,2.7,9.7,5.3,4.4,2.3,5.5,3.3,9.1,4.3,9.5,4.9,4.7,3.1,4.7,3.1,2.7,2.1,2,2,1.9,1.5,0.2,0.4,3.7,2.4,33.5,1112,235,25,27,1,4,24,28,2.27,0.26,2.8,0.28,31,25,12,34,14,58,9,13,18,61,21,41,70,18,33,42,18,20,16,41,11,51,11,13,12,36,13,28,32,14,22,48,352,75,148,52,1007,200,35,35,17.9,3,89.5,83.9,5.6,1.8,3.9,0,0.3,4.4,6,6.9,3.6,2.5,3.5,4.4,0.5,3.2,4.9,2.4,10.2,2.7,8.6,4,0,11.3,6.8,35.9,7,5.4,1,3.9,1.8,7.1,2,4.4,2.9,4.3,13,4.4,12.8,4.4,4,1.1,12,18,1,34,8,15,1,2,17,34,14,40,50,18,31,32,11,17,3,41,9,16,3,5,12,26,13,28,27,14,22,45,55865,7195,82625,29728,36555,9987,1026,984,1028,988,928,974,972,1181,1094,1059,1157,1258,1134,238,20.5,10.9,1137,239,1076,236,15,16,2,3,38,45,0,11,0,11,6,12,22,38,1115,234,0,11,0,11,0,11,0,11,0,11,0,11,0,11,0,11,0,11,0,11,0,11,4,7,23,35,4,7,0,11,0,11,0,11,0,11,0,11,0,11,0,11,0,11,0,11,0,11,18,15,7,10,0,11,2,3,0,11,0,11,0,11,2,3,42,50,1,3,4,5,11,10,7,9,52,25,52,30,28,20,35,23,51,43,21,23,18,19,0,11,0,11,1,3,0,11,0,11,0,11
Sidney,5.6,0.24,8.1,1.9,10.2,2.9,4.2,2.2,6,2.6,5.9,2.6,5.4,2.4,9.4,2.9,5.2,1.8,4.8,1.7,8,3,6.1,1.9,7.4,2.2,3.9,1.8,2.5,1.7,3.5,1.6,3.5,1.6,0.4,0.4,1.4,1.1,2.9,1.8,25.7,1840,178,29,26,26,25,3,4,2.54,0.19,2.89,0.21,4,10,35,20,13,46,50,27,33,46,111,103,111,74,24,30,6,8,27,11,10,24,30,20,19,22,42,29,34,25,20,21,600,70,137,48,1732,167,33,27,24.7,3.7,97,87.7,9.3,0.3,1.3,0,0.4,0.9,1.5,3.8,3.6,0.5,1.3,2.8,0.6,1,3.3,10.7,5.2,5.7,11.1,7.6,7.7,3.4,7.4,26.3,5.2,3.6,2.9,2.3,3.6,2.4,3,4,3.2,4.1,2.3,3.1,3.9,2.4,2.3,1.8,3,3,11,11,7,29,32,8,30,57,74,71,101,70,24,26,5,4,13,9,7,19,25,8,18,30,31,23,33,25,20,19,71827,7824,80208,14688,34399,4389,1452,1303,1383,1306,1261,1203,1215,1378,1358,1521,1609,1733,1858,181,3.9,2.3,1869,180,1825,185,28,19,0,11,5,7,0,11,8,9,3,6,13,11,1856,181,0,11,0,11,0,11,0,11,0,11,0,11,0,11,0,11,0,11,0,11,0,11,0,11,0,11,0,11,0,11,0,11,0,11,0,11,0,11,0,11,0,11,0,11,0,11,0,11,0,11,0,11,0,11,0,11,0,11,4,6,3,5,3,5,0,11,23,18,7,7,37,24,25,16,96,35,106,35,64,27,79,30,71,33,26,20,36,20,0,11,17,12,3,5,0,11,0,11,0,11
Somer,6.2,4.5,2.9,3.6,0.7,1,1.7,1.9,0,3,8.2,4.7,2.9,3.1,3.8,3.6,1,1.6,2.9,3.4,10.2,4.9,18.3,10.2,11.8,6.5,8.2,4.5,9.8,4.8,7.3,4.8,2.9,3.3,1.2,2,0,3.4,2.8,3.1,40.2,891,192,0,11,0,11,0,11,2.1,0.27,2.5,0.29,14,15,74,18,5,37,8,10,11,29,35,30,59,41,28,10,15,16,51,19,7,34,13,15,16,24,32,21,44,30,44,16,324,68,100,56,794,168,42,35,23,11.5,93.3,86.4,6.9,0,1.9,0,0,4.8,5.8,9.9,9.8,6.4,3,6.4,6.4,5.2,3.3,16.3,14.8,5,1.4,1.2,0,13.2,6.5,31.3,5,1.9,0,5.2,9.7,9.3,5.1,2.2,2,6.4,7.7,5.3,12.2,5.4,2.7,6.4,0,5,8,18,5,23,8,0,11,29,24,23,59,41,28,10,11,9,13,19,7,28,13,11,16,24,30,18,44,30,44,16,59224,21464,92000,49113,35330,7961,940,866,783,797,780,963,1081,1321,1238,1282,1421,1268,891,192,9.1,9.3,891,192,877,192,0,11,0,11,0,11,0,11,0,11,14,16,31,34,860,182,0,11,0,11,0,11,0,11,0,11,0,11,0,11,0,11,0,11,0,11,0,11,0,11,0,11,5,7,0,11,0,11,0,11,0,11,0,11,0,11,0,11,0,11,0,11,0,11,0,11,0,11,0,11,0,11,0,11,0,11,0,11,0,11,5,11,0,11,31,33,16,24,19,28,28,25,41,34,53,47,36,25,33,27,47,28,5,7,0,11,0,11,10,16,0,11,0,11,0,11
South Homer,4.5,2.6,6.4,2.1,9.9,3,5.3,2,6.8,3.1,3.1,1.4,4.5,2.2,8.2,2.5,4.5,2.1,6.5,2.6,7.7,3.1,8.1,4.5,8.6,2.6,4.9,1.9,3.7,1.5,2.1,1.1,1.3,0.8,3.9,2.4,0.3,0.4,4.3,2,39.8,1660,188,0,11,0,11,0,11,2.53,0.19,3.06,0.21,17,26,15,33,17,45,12,19,49,86,80,107,83,21,10,36,15,16,11,23,11,24,15,12,28,29,43,39,36,15,12,24,564,59,92,32,1567,178,19,20,24.9,2.1,93.5,85,8.5,0,3.3,0,1.2,2,4.5,5.3,4,3.3,4.4,3.3,1.6,1.9,1.1,3.7,8.1,7,16.7,9.5,0.4,4.2,7.1,27.6,4.5,2.7,7.4,1.3,2.1,3.5,5.1,5.6,4.9,0.6,2.3,3,6.3,2.7,1.8,3.4,3,8,6,27,4,18,9,16,26,59,55,90,76,21,10,36,5,11,7,22,6,17,13,10,16,24,39,37,35,15,12,24,61500,10135,75313,11056,29241,2979,1821,1655,1524,1431,1488,1466,1707,1722,1617,1624,1585,1601,1656,188,10,5.3,1660,188,1659,188,0,11,1,2,0,11,0,11,0,11,0,11,4,6,1656,188,0,11,0,11,0,11,0,11,0,11,0,11,0,11,0,11,0,11,11,17,0,11,11,17,0,11,0,11,10,16,0,11,0,11,0,11,0,11,0,11,0,11,0,11,0,11,0,11,4,6,0,11,0,11,0,11,3,4,6,8,0,11,19,19,21,11,19,14,26,13,44,20,58,27,118,38,78,27,70,43,22,17,23,16,22,14,23,16,8,12,0,11,0,11,0,11,0,11,0,11
Stanton,3.1,2.9,7.5,5,4.2,3.3,5.8,4.9,11,9,0.7,1.1,1,1.6,5.6,3.6,8.1,5,7.3,5.3,14.4,6.7,11.4,7.4,0.8,1.3,5.2,5.2,6.8,5,5,4.4,1.8,3,0,3.5,3.3,5.5,2.7,4.4,22.8,752,247,10,12,0,11,10,12,3.01,0.52,3.35,0.53,0,0,33,0,0,0,0,14,15,0,14,101,18,17,13,28,11,11,36,11,11,11,11,22,22,11,13,66,14,16,14,30,249,68,4,7,738,240,0,11,23,3.7,98.3,93.3,5,0,0,0,0,1.7,2.3,5.5,5.1,5.6,5.6,5.6,5.6,2.3,21.5,10.5,3.1,1.9,1,9,0,13.8,0.8,35.6,0,0.8,1.9,14.2,11.1,3.1,3.1,2,6,5.6,11.8,1.5,12.5,5.6,1.3,2.4,0,0,0,0,0,0,0,14,15,0,9,102,13,17,6,28,11,11,11,11,11,11,11,22,22,11,11,67,11,16,10,30,88732,3482,89179,3064,34634,8264,865,759,731,629,559,509,487,546,513,474,474,505,762,246,5.2,8,762,246,747,253,0,11,6,10,0,11,0,11,0,11,9,16,15,25,747,253,0,11,0,11,0,11,0,11,0,11,0,11,0,11,0,11,0,11,0,11,0,11,0,11,0,11,0,11,0,11,0,11,0,11,0,11,0,11,0,11,0,11,0,11,0,11,0,11,16,26,0,11,0,11,0,11,0,11,0,11,0,11,0,11,0,11,32,45,31,34,0,11,0,11,5,7,21,25,17,15,54,50,21,15,10,12,27,20,0,11,0,11,0,11,15,22,0,11,0,11
Tolono,5.9,2,5.8,1.8,6.5,2.3,5.2,2.2,13.6,5.3,7.9,4.9,7.7,2.8,8.1,3,6.6,3.8,6,2.3,5.1,2.4,6.2,1.8,5.6,2.3,2.8,1.2,3.3,2.1,2.4,1.2,0,0.1,1.3,1.1,0.5,0.6,1.1,0.9,23.8,5272,106,158,106,12,19,146,102,2.6,0.22,3.11,0.26,205,89,56,51,108,23,40,64,102,172,232,437,253,127,35,90,115,69,57,68,71,24,31,42,50,85,109,121,74,58,30,49,1504,154,580,124,4831,196,279,173,23.8,4.9,93.2,82.4,10.8,1.9,0,0,1.2,3.7,3.9,6,3.9,2.1,0.9,0.9,1.9,3,2.9,2.6,4.4,6.6,10.1,3.2,4,11.5,6.8,40.7,6.2,1.9,2.7,2.4,1.9,3.4,3.5,3.5,1.8,0.6,8.5,3.4,5.6,4.7,2,1.7,104,12,31,0,34,23,8,29,70,86,157,296,191,127,35,81,76,18,79,15,29,24,13,31,42,64,81,101,73,58,30,49,67730,9173,85769,12638,31792,4394,1663,1379,1410,1371,1366,1588,2190,2853,3410,3574,3757,5270,5400,34,17.4,6.3,5430,18,4937,225,272,164,0,15,89,74,0,15,85,129,47,44,193,155,5237,155,0,15,0,15,0,15,0,15,0,15,0,15,0,15,0,15,0,15,0,15,0,15,35,56,0,15,0,15,0,15,0,15,0,15,0,15,35,55,0,15,0,15,0,15,0,15,0,15,36,44,10,16,0,15,31,49,0,15,0,15,47,53,13,20,0,15,33,24,46,36,23,27,15,22,326,87,117,69,148,64,110,71,213,87,229,114,52,49,18,21,13,20,0,15,12,18,12,17,0,15
Urbana,6.7,1.7,6,1.6,5.9,2.5,4.5,2.4,7.3,2.2,5.2,2.1,6.6,2.4,4.8,2.3,4.7,1.8,3.4,1.5,7.4,2.1,7.3,2.8,9.5,2.6,8,2.4,7,2.6,3.3,1.2,1.4,0.8,1.2,1.1,4.4,2.3,7.5,3.2,32.2,6673,230,637,225,188,102,449,195,2.19,0.16,3.1,0.22,210,155,291,163,191,328,204,185,230,286,458,211,192,91,52,88,126,78,110,107,94,119,110,105,136,136,157,85,78,63,44,41,2347,232,988,258,5863,300,960,271,19.5,3.8,90.5,79.1,11.4,2.8,0.5,1.7,3.5,1.1,4,6,4.4,2.7,0.6,2.1,2.8,0.9,1.5,7.5,9.5,3.1,13,4.8,1.4,3,5.5,18.5,22.2,8.4,1.4,1.4,3.7,3.8,1.8,4.7,3.5,1.2,1.9,2.4,4.5,6.1,4,1.4,39,43,158,83,110,77,84,114,82,140,248,174,122,72,52,88,35,51,88,70,80,61,64,89,49,82,95,82,56,56,44,41,43906,5490,53269,10266,26882,3074,6948,9378,11393,14728,2005,3489,3490,8620,8795,8675,8063,7451,7288,48,21.4,7,7310,27,5857,408,912,325,55,49,190,167,0,15,60,71,236,147,650,292,6660,294,0,15,0,15,0,15,0,15,0,15,0,15,0,15,0,15,0,15,0,15,0,15,0,15,56,65,0,15,0,15,0,15,0,15,0,15,0,15,0,15,0,15,0,15,0,15,0,15,329,109,38,41,31,51,113,77,55,48,88,75,25,38,90,54,25,26,79,57,180,89,107,70,251,124,212,87,240,103,96,54,53,40,158,75,25,27,74,52,7,11,38,27,33,49,0,15,0,15,0,15
